date,darkice_area451,darkice_area431
01-Jun-2002,9735000000,7729250000
02-Jun-2002,12829750000,10775000000
03-Jun-2002,7460000000,6071000000
04-Jun-2002,12248500000,10179250000
05-Jun-2002,6444250000,5172750000
06-Jun-2002,11430250000,9462250000
07-Jun-2002,8187250000,6708500000
08-Jun-2002,9242500000,7583750000
09-Jun-2002,8232500000,6713750000
10-Jun-2002,12693500000,10503500000
11-Jun-2002,16329500000,14055500000
12-Jun-2002,18510750000,15599000000
13-Jun-2002,27039750000,22579750000
14-Jun-2002,29270000000,24327500000
15-Jun-2002,15074750000,12832500000
16-Jun-2002,10223750000,8713000000
17-Jun-2002,17353250000,14608000000
18-Jun-2002,17071000000,14325250000
19-Jun-2002,24185500000,20333000000
20-Jun-2002,31735000000,26553000000
21-Jun-2002,25853250000,21772500000
22-Jun-2002,20065750000,17065500000
23-Jun-2002,18448750000,16079750000
24-Jun-2002,21143750000,18200750000
25-Jun-2002,33285000000,28707500000
26-Jun-2002,26778250000,22633750000
27-Jun-2002,42369000000,36682500000
28-Jun-2002,39397500000,33949500000
29-Jun-2002,53599000000,45271750000
30-Jun-2002,44539500000,37310750000
01-Jul-2002,42823750000,36008500000
02-Jul-2002,44836000000,37294500000
03-Jul-2002,47291000000,39855000000
04-Jul-2002,48079250000,40023000000
05-Jul-2002,34469500000,30266000000
06-Jul-2002,43221250000,38473750000
07-Jul-2002,50596500000,42252000000
08-Jul-2002,67374000000,58503000000
09-Jul-2002,55989750000,49955000000
10-Jul-2002,54986750000,48867750000
11-Jul-2002,66580500000,58035500000
12-Jul-2002,40643000000,34691000000
13-Jul-2002,50347000000,42759250000
14-Jul-2002,20423000000,18031250000
15-Jul-2002,24326750000,21231750000
16-Jul-2002,23134000000,19185500000
17-Jul-2002,28398500000,24314250000
18-Jul-2002,31496500000,28430500000
19-Jul-2002,25154750000,21644000000
20-Jul-2002,47124250000,42181500000
21-Jul-2002,53101000000,46802250000
22-Jul-2002,53723250000,47377000000
23-Jul-2002,32416750000,28929750000
24-Jul-2002,34383750000,30204750000
25-Jul-2002,24717500000,21991000000
26-Jul-2002,30876000000,27340000000
27-Jul-2002,44345500000,40014250000
28-Jul-2002,49183500000,44587000000
29-Jul-2002,37118250000,33108750000
30-Jul-2002,32338750000,27522500000
31-Jul-2002,35169250000,30717750000
01-Aug-2002,34992250000,30646250000
02-Aug-2002,48938250000,43058750000
03-Aug-2002,35034250000,30518000000
04-Aug-2002,33587000000,29341000000
05-Aug-2002,30228000000,27081250000
06-Aug-2002,46078500000,41650000000
07-Aug-2002,37315750000,34177250000
08-Aug-2002,39242750000,35417750000
09-Aug-2002,42622750000,36892750000
10-Aug-2002,36005500000,31262250000
11-Aug-2002,29334250000,26416500000
12-Aug-2002,27020000000,23880500000
13-Aug-2002,34742750000,30385500000
14-Aug-2002,48011000000,42657250000
15-Aug-2002,53384250000,47301250000
16-Aug-2002,30965000000,27543500000
17-Aug-2002,29818500000,26664750000
18-Aug-2002,19102750000,16810500000
19-Aug-2002,28872000000,25945750000
20-Aug-2002,26603250000,23341250000
21-Aug-2002,16374250000,14100250000
22-Aug-2002,16215250000,13799250000
23-Aug-2002,23559000000,20567750000
24-Aug-2002,29156500000,25981250000
25-Aug-2002,23006250000,19680000000
26-Aug-2002,24547250000,22246500000
27-Aug-2002,26423500000,23754250000
28-Aug-2002,15589250000,13815500000
29-Aug-2002,13599500000,11645250000
30-Aug-2002,15658750000,13952250000
31-Aug-2002,23356000000,20962750000
01-Jun-2003,10761750000,8579000000
02-Jun-2003,12572500000,9968500000
03-Jun-2003,15266500000,11935500000
04-Jun-2003,13845250000,10570250000
05-Jun-2003,16418500000,13122500000
06-Jun-2003,13239250000,10443250000
07-Jun-2003,17073250000,13695750000
08-Jun-2003,13537000000,10976500000
09-Jun-2003,12186000000,9678250000
10-Jun-2003,15399750000,12721000000
11-Jun-2003,14448000000,11720500000
12-Jun-2003,13453000000,10992500000
13-Jun-2003,16699250000,13561500000
14-Jun-2003,21507750000,17730250000
15-Jun-2003,22210250000,18245250000
16-Jun-2003,24552500000,20266250000
17-Jun-2003,23748000000,19641500000
18-Jun-2003,10469000000,8745500000
19-Jun-2003,24533500000,20012250000
20-Jun-2003,18449000000,15000500000
21-Jun-2003,20982000000,17157000000
22-Jun-2003,29020750000,23406000000
23-Jun-2003,38679750000,30591000000
24-Jun-2003,42133500000,33182000000
25-Jun-2003,52714250000,41739500000
26-Jun-2003,41672000000,32373000000
27-Jun-2003,34091250000,25226500000
28-Jun-2003,42628000000,35609250000
29-Jun-2003,20915000000,16456000000
30-Jun-2003,23771000000,20174000000
01-Jul-2003,25705000000,21853750000
02-Jul-2003,33864000000,28243750000
03-Jul-2003,35626750000,28783750000
04-Jul-2003,46471250000,37286500000
05-Jul-2003,55039750000,47038250000
06-Jul-2003,59524250000,49129750000
07-Jul-2003,62469250000,52280750000
08-Jul-2003,58751750000,47580750000
09-Jul-2003,54292750000,46017500000
10-Jul-2003,56864000000,47728500000
11-Jul-2003,57853000000,48432500000
12-Jul-2003,44281000000,37830250000
13-Jul-2003,35323500000,28101500000
14-Jul-2003,33081250000,27772500000
15-Jul-2003,45458500000,37431000000
16-Jul-2003,45506750000,40137000000
17-Jul-2003,48273250000,41951750000
18-Jul-2003,52388750000,43487000000
19-Jul-2003,53079250000,46709000000
20-Jul-2003,54175500000,47373250000
21-Jul-2003,60401000000,51710000000
22-Jul-2003,58852500000,50694500000
23-Jul-2003,51297750000,45592750000
24-Jul-2003,59895000000,52029000000
25-Jul-2003,43520000000,38402250000
26-Jul-2003,39320000000,34674750000
27-Jul-2003,40881000000,35652750000
28-Jul-2003,39767250000,35072000000
29-Jul-2003,43885500000,37437500000
30-Jul-2003,59127000000,52027500000
31-Jul-2003,32116250000,28493250000
01-Aug-2003,63836250000,55659500000
02-Aug-2003,58880500000,51873000000
03-Aug-2003,42269750000,37996000000
04-Aug-2003,50248750000,44860500000
05-Aug-2003,59567000000,52114500000
06-Aug-2003,34125250000,29811500000
07-Aug-2003,68969500000,62121250000
08-Aug-2003,64725500000,58217500000
09-Aug-2003,37132250000,32928500000
10-Aug-2003,40231000000,35035750000
11-Aug-2003,43261500000,37167750000
12-Aug-2003,36649000000,32583250000
13-Aug-2003,39687250000,36009000000
14-Aug-2003,28348750000,25080250000
15-Aug-2003,42576750000,37938750000
16-Aug-2003,25199750000,22360500000
17-Aug-2003,24092500000,21364000000
18-Aug-2003,8720500000,7458250000
19-Aug-2003,18791750000,16281000000
20-Aug-2003,19188250000,17221250000
21-Aug-2003,34893250000,31343500000
22-Aug-2003,46480000000,42121250000
23-Aug-2003,26124500000,22871000000
24-Aug-2003,31154250000,28280500000
25-Aug-2003,40068250000,36256500000
26-Aug-2003,81909500000,75149500000
27-Aug-2003,74058500000,66415000000
28-Aug-2003,74023000000,67025000000
29-Aug-2003,58444250000,50661000000
30-Aug-2003,33194750000,28699500000
31-Aug-2003,26130750000,22587250000
01-Jun-2004,13678250000,11090250000
02-Jun-2004,11370000000,9295250000
03-Jun-2004,12150000000,10084000000
04-Jun-2004,8365500000,6695750000
05-Jun-2004,5217250000,4263000000
06-Jun-2004,7284750000,5821500000
07-Jun-2004,12801750000,10745500000
08-Jun-2004,12991500000,10757000000
09-Jun-2004,12794750000,10628500000
10-Jun-2004,17860500000,14819500000
11-Jun-2004,16125000000,13462500000
12-Jun-2004,16373250000,13660000000
13-Jun-2004,9842000000,8106000000
14-Jun-2004,14295000000,11985250000
15-Jun-2004,7055750000,5738750000
16-Jun-2004,11509000000,9403000000
17-Jun-2004,12551250000,10464750000
18-Jun-2004,14759250000,12387000000
19-Jun-2004,30269250000,24624000000
20-Jun-2004,29118250000,23541250000
21-Jun-2004,28998750000,23866250000
22-Jun-2004,27994250000,22431750000
23-Jun-2004,26152000000,21619250000
24-Jun-2004,18823750000,15211500000
25-Jun-2004,23669750000,19728250000
26-Jun-2004,24511500000,20737500000
27-Jun-2004,22857750000,19134500000
28-Jun-2004,22223750000,19019000000
29-Jun-2004,19606000000,15973000000
30-Jun-2004,16708750000,14139500000
01-Jul-2004,25539750000,21893250000
02-Jul-2004,31214750000,26684000000
03-Jul-2004,29133750000,24524500000
04-Jul-2004,25210250000,21302250000
05-Jul-2004,31777250000,27335000000
06-Jul-2004,21608250000,17218750000
07-Jul-2004,31132250000,26732750000
08-Jul-2004,37286750000,30677250000
09-Jul-2004,34828750000,29878250000
10-Jul-2004,36969500000,30944750000
11-Jul-2004,34962750000,28814500000
12-Jul-2004,37217000000,31663500000
13-Jul-2004,39830750000,34620000000
14-Jul-2004,46985750000,40967500000
15-Jul-2004,48195750000,42113750000
16-Jul-2004,72488250000,63557000000
17-Jul-2004,79136000000,69262000000
18-Jul-2004,57438500000,50209500000
19-Jul-2004,48870250000,39344000000
20-Jul-2004,35350250000,28043250000
21-Jul-2004,23092500000,19783250000
22-Jul-2004,28558500000,25351000000
23-Jul-2004,29400250000,25231250000
24-Jul-2004,39760500000,35537000000
25-Jul-2004,33338500000,29344250000
26-Jul-2004,23103750000,20226250000
27-Jul-2004,22465000000,19747250000
28-Jul-2004,25055250000,21845500000
29-Jul-2004,21812000000,18386500000
30-Jul-2004,26874250000,22864000000
31-Jul-2004,32243500000,28576250000
01-Aug-2004,37047750000,33466750000
02-Aug-2004,53251250000,46021000000
03-Aug-2004,31325500000,27235000000
04-Aug-2004,40586250000,33727250000
05-Aug-2004,44984250000,38960250000
06-Aug-2004,51187250000,43833250000
07-Aug-2004,39307750000,32849250000
08-Aug-2004,46871000000,41964500000
09-Aug-2004,43482250000,38786250000
10-Aug-2004,40136000000,36678500000
11-Aug-2004,44229250000,39568250000
12-Aug-2004,72005750000,65377750000
13-Aug-2004,80231500000,71427250000
14-Aug-2004,77943000000,68403250000
15-Aug-2004,54402250000,48334500000
16-Aug-2004,63039500000,56499500000
17-Aug-2004,58066500000,52238250000
18-Aug-2004,66518750000,57549750000
19-Aug-2004,61321500000,53420750000
20-Aug-2004,59605750000,51584250000
21-Aug-2004,63426000000,55281250000
22-Aug-2004,51068250000,45192000000
23-Aug-2004,48001000000,42184500000
24-Aug-2004,37630000000,33537250000
25-Aug-2004,29214500000,25773500000
26-Aug-2004,15476500000,13592500000
27-Aug-2004,12261500000,10960750000
28-Aug-2004,16765250000,14933000000
29-Aug-2004,17480250000,15762500000
30-Aug-2004,12899250000,11537500000
31-Aug-2004,13008250000,11519500000
01-Jun-2005,10397750000,8624500000
02-Jun-2005,10176500000,8457000000
03-Jun-2005,13120750000,10912500000
04-Jun-2005,13570250000,11481500000
05-Jun-2005,13999500000,11749750000
06-Jun-2005,13943000000,11643500000
07-Jun-2005,12230250000,10209000000
08-Jun-2005,14136750000,11761250000
09-Jun-2005,11539000000,9605750000
10-Jun-2005,20240000000,17017500000
11-Jun-2005,17498500000,14635750000
12-Jun-2005,26024500000,22212500000
13-Jun-2005,28949000000,24320750000
14-Jun-2005,34107500000,28575750000
15-Jun-2005,35569000000,30475000000
16-Jun-2005,24524750000,20477250000
17-Jun-2005,31868250000,27290000000
18-Jun-2005,32748500000,27608500000
19-Jun-2005,36417500000,31231500000
20-Jun-2005,24587750000,20289750000
21-Jun-2005,19842000000,16415250000
22-Jun-2005,25499250000,22124000000
23-Jun-2005,31905500000,27672000000
24-Jun-2005,32968250000,28653000000
25-Jun-2005,31284250000,27469750000
26-Jun-2005,27344750000,23869250000
27-Jun-2005,20566750000,17520750000
28-Jun-2005,15472500000,13115000000
29-Jun-2005,18349000000,15929000000
30-Jun-2005,17086250000,14413000000
01-Jul-2005,14726000000,12245000000
02-Jul-2005,28755500000,24487000000
03-Jul-2005,37780500000,33131000000
04-Jul-2005,34388500000,29541000000
05-Jul-2005,24367250000,20675000000
06-Jul-2005,34603500000,30942750000
07-Jul-2005,24527500000,20618000000
08-Jul-2005,19153750000,16555500000
09-Jul-2005,24118500000,20959500000
10-Jul-2005,37851750000,33451750000
11-Jul-2005,39513750000,34108000000
12-Jul-2005,24890250000,22065000000
13-Jul-2005,38249250000,34022250000
14-Jul-2005,19615750000,17220000000
15-Jul-2005,22596000000,19983250000
16-Jul-2005,30032250000,25952750000
17-Jul-2005,40582000000,35586500000
18-Jul-2005,51253250000,45573500000
19-Jul-2005,72518250000,63972000000
20-Jul-2005,78900750000,70738500000
21-Jul-2005,92652500000,82532250000
22-Jul-2005,85862500000,76330500000
23-Jul-2005,70694000000,62935000000
24-Jul-2005,62033000000,55805750000
25-Jul-2005,63619250000,57596500000
26-Jul-2005,83930500000,74585250000
27-Jul-2005,74612000000,66878750000
28-Jul-2005,57942250000,50944500000
29-Jul-2005,53044750000,46753500000
30-Jul-2005,40519000000,35571000000
31-Jul-2005,51028750000,44406000000
01-Aug-2005,46158000000,41062000000
02-Aug-2005,30717000000,27052500000
03-Aug-2005,49106500000,43581250000
04-Aug-2005,45441500000,40458750000
05-Aug-2005,76195750000,67790500000
06-Aug-2005,73403250000,66210750000
07-Aug-2005,69387250000,62245500000
08-Aug-2005,78191000000,70150750000
09-Aug-2005,69776000000,61923500000
10-Aug-2005,73455250000,65833500000
11-Aug-2005,62299500000,55068250000
12-Aug-2005,52945500000,47252750000
13-Aug-2005,43146750000,38020250000
14-Aug-2005,45483750000,40385500000
15-Aug-2005,41388500000,37067250000
16-Aug-2005,48283750000,41743750000
17-Aug-2005,43597500000,37457500000
18-Aug-2005,46665250000,41713500000
19-Aug-2005,31171750000,28210250000
20-Aug-2005,22335000000,20118500000
21-Aug-2005,20832000000,18777750000
22-Aug-2005,19933000000,17874750000
23-Aug-2005,28602250000,25713750000
24-Aug-2005,32038250000,28947250000
25-Aug-2005,38760500000,35155500000
26-Aug-2005,31488500000,28235750000
27-Aug-2005,33398250000,30090250000
28-Aug-2005,30408750000,27275500000
29-Aug-2005,41723750000,37890750000
30-Aug-2005,40411000000,36589000000
31-Aug-2005,25584250000,22676500000
01-Jun-2006,10525500000,8551500000
02-Jun-2006,12434250000,10251500000
03-Jun-2006,8585750000,6896250000
04-Jun-2006,11041750000,9047250000
05-Jun-2006,6732250000,5313500000
06-Jun-2006,8881250000,7273750000
07-Jun-2006,11370500000,9373750000
08-Jun-2006,9488500000,7693500000
09-Jun-2006,11923250000,9969750000
10-Jun-2006,7562250000,6319750000
11-Jun-2006,12087750000,10168500000
12-Jun-2006,9342000000,7500750000
13-Jun-2006,11429000000,9588500000
14-Jun-2006,9462000000,7845250000
15-Jun-2006,4918750000,3915750000
16-Jun-2006,5684750000,4699000000
17-Jun-2006,6150000000,5116500000
18-Jun-2006,12044750000,10355750000
19-Jun-2006,7540250000,6190250000
20-Jun-2006,3406000000,2670500000
21-Jun-2006,8544750000,6910500000
22-Jun-2006,15798500000,13451250000
23-Jun-2006,23902000000,20070750000
24-Jun-2006,18197000000,15179500000
25-Jun-2006,21412250000,17763500000
26-Jun-2006,16272750000,13185500000
27-Jun-2006,16699500000,14375500000
28-Jun-2006,19706250000,16516500000
29-Jun-2006,22461750000,19068500000
30-Jun-2006,10596750000,8988750000
01-Jul-2006,9582500000,8163000000
02-Jul-2006,11326500000,9602250000
03-Jul-2006,17990250000,15553750000
04-Jul-2006,19668500000,16972750000
05-Jul-2006,15243000000,12612750000
06-Jul-2006,19454000000,17022250000
07-Jul-2006,32250250000,26798250000
08-Jul-2006,38683500000,32292500000
09-Jul-2006,22163750000,18128500000
10-Jul-2006,23053500000,19880250000
11-Jul-2006,21635750000,18497500000
12-Jul-2006,16360250000,14228750000
13-Jul-2006,26490250000,22650000000
14-Jul-2006,17672750000,14370500000
15-Jul-2006,16845000000,14478750000
16-Jul-2006,34699250000,29335000000
17-Jul-2006,32840500000,28695500000
18-Jul-2006,33442000000,29034000000
19-Jul-2006,44615250000,38393000000
20-Jul-2006,40738000000,36053250000
21-Jul-2006,67676000000,60606250000
22-Jul-2006,43148750000,38107750000
23-Jul-2006,63744000000,56075000000
24-Jul-2006,48919250000,43286000000
25-Jul-2006,62394000000,53086500000
26-Jul-2006,62145250000,52973000000
27-Jul-2006,51444500000,44309750000
28-Jul-2006,53083500000,45600250000
29-Jul-2006,54946750000,46792500000
30-Jul-2006,48109500000,41506750000
31-Jul-2006,49765500000,42039500000
01-Aug-2006,53493000000,45686250000
02-Aug-2006,47690750000,42341750000
03-Aug-2006,48154500000,42353750000
04-Aug-2006,32443750000,27151500000
05-Aug-2006,24789750000,21251000000
06-Aug-2006,42399750000,36342250000
07-Aug-2006,41096250000,34831000000
08-Aug-2006,54729000000,48345000000
09-Aug-2006,37960000000,33614500000
10-Aug-2006,48630500000,42977250000
11-Aug-2006,39080250000,33684500000
12-Aug-2006,47482500000,41701250000
13-Aug-2006,52252750000,45065500000
14-Aug-2006,63756000000,56887000000
15-Aug-2006,70357000000,63032500000
16-Aug-2006,61677750000,55367250000
17-Aug-2006,44717500000,39488000000
18-Aug-2006,47059750000,42371000000
19-Aug-2006,40989250000,36230000000
20-Aug-2006,40411750000,35704750000
21-Aug-2006,43524250000,38902500000
22-Aug-2006,29483750000,26242000000
23-Aug-2006,16095000000,13812750000
24-Aug-2006,26654000000,23177000000
25-Aug-2006,23311250000,20810500000
26-Aug-2006,24474750000,21819500000
27-Aug-2006,23935750000,20900500000
28-Aug-2006,41891750000,37818250000
29-Aug-2006,42667000000,37967000000
30-Aug-2006,35079750000,30726500000
31-Aug-2006,29503750000,26082000000
01-Jun-2007,3328250000,2607750000
02-Jun-2007,9199500000,7459500000
03-Jun-2007,7507250000,6039750000
04-Jun-2007,7436500000,5873000000
05-Jun-2007,10107250000,8297250000
06-Jun-2007,11725000000,9403000000
07-Jun-2007,19194500000,16026500000
08-Jun-2007,11328000000,9349500000
09-Jun-2007,11834250000,9861750000
10-Jun-2007,11720500000,9775750000
11-Jun-2007,23779000000,20049250000
12-Jun-2007,21735500000,18288250000
13-Jun-2007,13862750000,11556750000
14-Jun-2007,15100000000,12854750000
15-Jun-2007,10207000000,8368750000
16-Jun-2007,10542250000,8707500000
17-Jun-2007,17247500000,14018500000
18-Jun-2007,21534000000,18341250000
19-Jun-2007,20967500000,17494750000
20-Jun-2007,14169000000,11319000000
21-Jun-2007,28882000000,24380500000
22-Jun-2007,33387250000,27866250000
23-Jun-2007,34725750000,29539750000
24-Jun-2007,26322250000,22013000000
25-Jun-2007,64712000000,57032250000
26-Jun-2007,57324250000,48500750000
27-Jun-2007,73727750000,63190000000
28-Jun-2007,59041000000,49019750000
29-Jun-2007,32170250000,26610500000
30-Jun-2007,35842500000,30301250000
01-Jul-2007,39332500000,33788500000
02-Jul-2007,45937750000,39032500000
03-Jul-2007,37308250000,31804000000
04-Jul-2007,55683250000,47413500000
05-Jul-2007,41029750000,33330750000
06-Jul-2007,44412000000,36014750000
07-Jul-2007,50064500000,41459000000
08-Jul-2007,68574250000,58315750000
09-Jul-2007,77511500000,66464000000
10-Jul-2007,102087500000,89153000000
11-Jul-2007,103619000000,92025250000
12-Jul-2007,100793250000,89733000000
13-Jul-2007,91875000000,81017000000
14-Jul-2007,53986000000,47997250000
15-Jul-2007,56534250000,49459750000
16-Jul-2007,39381250000,34834750000
17-Jul-2007,58551000000,52187500000
18-Jul-2007,35805250000,30901000000
19-Jul-2007,58830000000,52038000000
20-Jul-2007,54477750000,46306250000
21-Jul-2007,45679500000,39338500000
22-Jul-2007,50318750000,43503250000
23-Jul-2007,70093000000,61848500000
24-Jul-2007,85611750000,76147000000
25-Jul-2007,57732500000,49869750000
26-Jul-2007,53177500000,45441500000
29-Jul-2007,44483000000,40032250000
30-Jul-2007,54796250000,48085500000
31-Jul-2007,41924500000,37289750000
01-Aug-2007,53164000000,47655750000
02-Aug-2007,66265250000,59738750000
03-Aug-2007,57006750000,50341250000
04-Aug-2007,72348750000,64356750000
05-Aug-2007,66849000000,58912000000
06-Aug-2007,55247500000,49272000000
07-Aug-2007,57605250000,52468250000
08-Aug-2007,90777500000,80952750000
09-Aug-2007,97028500000,86264250000
10-Aug-2007,80660000000,72590000000
11-Aug-2007,92625000000,84268250000
12-Aug-2007,98254750000,90375250000
13-Aug-2007,96099500000,87165750000
14-Aug-2007,57932500000,51423750000
15-Aug-2007,58152750000,52060750000
16-Aug-2007,64041750000,58193250000
17-Aug-2007,64949500000,58013750000
18-Aug-2007,57674000000,51857750000
19-Aug-2007,63258750000,58030250000
20-Aug-2007,53124750000,47194750000
21-Aug-2007,32878500000,29341000000
22-Aug-2007,39633750000,35596750000
23-Aug-2007,22990000000,19661500000
24-Aug-2007,37612000000,33628500000
25-Aug-2007,41895750000,37066000000
26-Aug-2007,43166000000,39343000000
27-Aug-2007,69553750000,62670500000
28-Aug-2007,50708250000,45267750000
29-Aug-2007,37481250000,32584500000
30-Aug-2007,28629250000,24711000000
31-Aug-2007,25123250000,22379250000
01-Jun-2008,9002000000,7480500000
02-Jun-2008,7848250000,6448250000
03-Jun-2008,12047000000,9737500000
04-Jun-2008,9227000000,7514750000
05-Jun-2008,11343000000,9144500000
06-Jun-2008,8256750000,6739250000
07-Jun-2008,11997750000,9762750000
08-Jun-2008,11479000000,9434750000
09-Jun-2008,18784500000,15403000000
10-Jun-2008,20688500000,16638750000
11-Jun-2008,23999750000,20059250000
12-Jun-2008,21119500000,17092000000
13-Jun-2008,14700750000,12044750000
14-Jun-2008,19125250000,15632750000
15-Jun-2008,20296250000,16667500000
16-Jun-2008,21306000000,18170000000
17-Jun-2008,20798500000,17312500000
18-Jun-2008,24770250000,21026500000
19-Jun-2008,21009250000,17426750000
20-Jun-2008,25888000000,21608250000
21-Jun-2008,24823000000,20617750000
22-Jun-2008,29972500000,24982250000
23-Jun-2008,28966000000,24332250000
24-Jun-2008,31552750000,25212000000
25-Jun-2008,35772750000,28806000000
26-Jun-2008,34460250000,27548500000
27-Jun-2008,38029000000,30335500000
28-Jun-2008,53654250000,43094750000
29-Jun-2008,47331750000,36556500000
30-Jun-2008,37979250000,30723000000
01-Jul-2008,35311750000,28638500000
02-Jul-2008,36971000000,29899750000
03-Jul-2008,44990250000,36340500000
04-Jul-2008,58088250000,48306250000
05-Jul-2008,60871750000,51277500000
06-Jul-2008,59990000000,50268500000
07-Jul-2008,62728500000,51841500000
08-Jul-2008,65493250000,55083750000
09-Jul-2008,52571250000,45450000000
10-Jul-2008,55544750000,47517750000
11-Jul-2008,44027000000,37423500000
12-Jul-2008,32001750000,27197250000
13-Jul-2008,26790500000,23511750000
14-Jul-2008,45554750000,39699750000
15-Jul-2008,54912000000,48078750000
16-Jul-2008,54528000000,46774500000
17-Jul-2008,68597000000,59372750000
18-Jul-2008,83922250000,72831500000
19-Jul-2008,78653250000,69453500000
20-Jul-2008,70128500000,61578250000
21-Jul-2008,48648250000,42952750000
22-Jul-2008,31798500000,28236500000
23-Jul-2008,41339250000,36368250000
24-Jul-2008,35825250000,31108750000
25-Jul-2008,57579750000,50869750000
26-Jul-2008,65060750000,57260250000
27-Jul-2008,75605500000,67224500000
28-Jul-2008,84076250000,74934000000
29-Jul-2008,103198000000,93952000000
30-Jul-2008,121854500000,109929000000
31-Jul-2008,102974000000,92662750000
01-Aug-2008,95066500000,84436500000
02-Aug-2008,106042750000,95396000000
03-Aug-2008,85520250000,74260750000
04-Aug-2008,68537250000,59603000000
05-Aug-2008,69609750000,61215500000
06-Aug-2008,73083000000,64785250000
07-Aug-2008,73062250000,65339000000
08-Aug-2008,81564500000,73203250000
09-Aug-2008,78862500000,70404000000
10-Aug-2008,70075750000,60921500000
11-Aug-2008,69822500000,62516750000
12-Aug-2008,40669000000,36335500000
13-Aug-2008,41673750000,37304250000
14-Aug-2008,29309500000,25658500000
15-Aug-2008,37312750000,33395500000
16-Aug-2008,26642000000,23331000000
17-Aug-2008,23716000000,20416500000
18-Aug-2008,25947750000,22551250000
19-Aug-2008,35411250000,31939000000
20-Aug-2008,61477750000,54955250000
21-Aug-2008,26541750000,23689250000
22-Aug-2008,29677500000,26761750000
23-Aug-2008,18592500000,16545750000
24-Aug-2008,20075250000,18190500000
25-Aug-2008,22127500000,19495000000
26-Aug-2008,33972750000,30453250000
27-Aug-2008,24982250000,21678000000
28-Aug-2008,30770250000,26465250000
29-Aug-2008,33963500000,29480750000
30-Aug-2008,37215750000,32269750000
31-Aug-2008,27409500000,23121000000
01-Jun-2009,5319000000,4269750000
02-Jun-2009,6237250000,4909500000
03-Jun-2009,14370000000,11713750000
04-Jun-2009,8187250000,6645250000
05-Jun-2009,12160500000,10036750000
06-Jun-2009,10021250000,8101500000
07-Jun-2009,10293500000,8562500000
08-Jun-2009,10311750000,8520750000
09-Jun-2009,10976750000,9135250000
10-Jun-2009,12267250000,10118000000
11-Jun-2009,11114250000,9047000000
12-Jun-2009,15905750000,13078500000
13-Jun-2009,12672750000,9948250000
14-Jun-2009,13731000000,11266000000
15-Jun-2009,14680750000,11695000000
16-Jun-2009,18453500000,14885750000
17-Jun-2009,20103000000,16197250000
18-Jun-2009,13129750000,10474750000
19-Jun-2009,12208750000,10065000000
20-Jun-2009,10446500000,8449250000
21-Jun-2009,8116250000,6779000000
22-Jun-2009,10638250000,8898500000
23-Jun-2009,12293500000,9972750000
24-Jun-2009,13835500000,11147250000
25-Jun-2009,17640750000,14372000000
26-Jun-2009,14514000000,12145250000
27-Jun-2009,12157000000,9929250000
28-Jun-2009,18294000000,15022750000
29-Jun-2009,16951500000,13892250000
30-Jun-2009,17060500000,14101250000
01-Jul-2009,7719000000,6518750000
02-Jul-2009,9506750000,7831750000
03-Jul-2009,9166250000,7411250000
04-Jul-2009,7588250000,6185500000
05-Jul-2009,12294000000,10253250000
06-Jul-2009,23653750000,19965000000
07-Jul-2009,34513750000,29827000000
08-Jul-2009,39496750000,34331250000
09-Jul-2009,29137750000,25019500000
10-Jul-2009,45627500000,39145000000
11-Jul-2009,43351000000,36765250000
12-Jul-2009,50939750000,43381500000
13-Jul-2009,50538750000,41473750000
14-Jul-2009,45116750000,38592500000
15-Jul-2009,75823250000,66046750000
16-Jul-2009,73820500000,64399000000
17-Jul-2009,77029750000,66136250000
18-Jul-2009,80269000000,69445750000
19-Jul-2009,86932500000,74575250000
20-Jul-2009,76676500000,66475750000
21-Jul-2009,77539500000,67363750000
22-Jul-2009,63887000000,54709250000
23-Jul-2009,64631250000,55272500000
24-Jul-2009,61645500000,52875500000
25-Jul-2009,62263250000,53313750000
26-Jul-2009,62700750000,52719500000
27-Jul-2009,63789000000,55430750000
28-Jul-2009,57406250000,48996500000
29-Jul-2009,49630000000,42556000000
30-Jul-2009,42453750000,35980500000
31-Jul-2009,41477500000,35406250000
01-Aug-2009,50274750000,43630000000
02-Aug-2009,50185250000,42487250000
03-Aug-2009,38424000000,33531000000
04-Aug-2009,61662500000,52901750000
05-Aug-2009,69230000000,60051750000
06-Aug-2009,68715750000,58658750000
07-Aug-2009,62216750000,53599500000
08-Aug-2009,74444750000,65640750000
09-Aug-2009,66211250000,57269250000
10-Aug-2009,68627500000,59987250000
11-Aug-2009,57772250000,50574250000
12-Aug-2009,62017750000,54878250000
13-Aug-2009,66024250000,58187500000
14-Aug-2009,73972250000,66168500000
15-Aug-2009,55505250000,49155250000
16-Aug-2009,55998500000,49116000000
17-Aug-2009,58310750000,51490750000
18-Aug-2009,50222500000,44123500000
19-Aug-2009,46529250000,41325750000
20-Aug-2009,42925750000,38075250000
21-Aug-2009,31336750000,27468750000
22-Aug-2009,44743500000,40713250000
23-Aug-2009,37055500000,31875000000
24-Aug-2009,36975250000,31800000000
25-Aug-2009,29157500000,24881750000
26-Aug-2009,7893250000,6904500000
27-Aug-2009,35461250000,30733750000
28-Aug-2009,41623250000,35678250000
29-Aug-2009,45231750000,39321000000
30-Aug-2009,40250250000,34293750000
31-Aug-2009,31600000000,27259000000
01-Jun-2010,16505000000,13963500000
02-Jun-2010,22142000000,18195250000
03-Jun-2010,21740250000,17877000000
04-Jun-2010,16163250000,13318750000
05-Jun-2010,29429250000,24641750000
06-Jun-2010,37072000000,30611000000
07-Jun-2010,21044250000,16841000000
08-Jun-2010,20880000000,17465750000
09-Jun-2010,25247000000,20903000000
10-Jun-2010,17071000000,14261500000
11-Jun-2010,19205500000,16182000000
12-Jun-2010,20060250000,16386750000
13-Jun-2010,24624750000,20348750000
14-Jun-2010,29851500000,24387500000
15-Jun-2010,12262250000,10273750000
16-Jun-2010,18203250000,15491500000
17-Jun-2010,19928500000,17244000000
18-Jun-2010,27965750000,23052000000
19-Jun-2010,10671500000,8689750000
20-Jun-2010,24877000000,21198000000
21-Jun-2010,29058750000,24562500000
22-Jun-2010,30329000000,25126750000
23-Jun-2010,33699500000,28454750000
24-Jun-2010,43209500000,37505500000
25-Jun-2010,62305250000,53988000000
26-Jun-2010,67318500000,59434250000
27-Jun-2010,42546750000,36847250000
28-Jun-2010,33754000000,29569750000
29-Jun-2010,44912250000,39595000000
30-Jun-2010,21670750000,18115500000
01-Jul-2010,38435250000,33910500000
02-Jul-2010,59748000000,51068500000
03-Jul-2010,49945250000,42913000000
04-Jul-2010,50078750000,42542250000
05-Jul-2010,72220750000,62303000000
06-Jul-2010,80155750000,69350500000
07-Jul-2010,75104500000,65237000000
08-Jul-2010,78641750000,67983750000
09-Jul-2010,77243500000,67198250000
10-Jul-2010,76777000000,67749250000
11-Jul-2010,86552500000,76500000000
12-Jul-2010,69607750000,61844500000
13-Jul-2010,55804000000,48958500000
14-Jul-2010,55180250000,48915500000
15-Jul-2010,50709750000,45254250000
16-Jul-2010,66801250000,59347250000
17-Jul-2010,76216000000,68287000000
18-Jul-2010,90397000000,81423750000
19-Jul-2010,97452750000,88040000000
20-Jul-2010,91235250000,82274000000
21-Jul-2010,55363500000,49994000000
22-Jul-2010,83312500000,75054250000
23-Jul-2010,65356000000,59413000000
24-Jul-2010,47375000000,43022750000
25-Jul-2010,56095250000,50403500000
26-Jul-2010,53346750000,48254500000
27-Jul-2010,53950750000,47963000000
28-Jul-2010,76032750000,68756000000
29-Jul-2010,77944500000,70694500000
30-Jul-2010,77047750000,70340250000
31-Jul-2010,68065750000,62512000000
01-Aug-2010,74840250000,67669750000
02-Aug-2010,52060500000,46836000000
03-Aug-2010,58387750000,52410750000
04-Aug-2010,64794750000,58377000000
05-Aug-2010,93116500000,84947750000
06-Aug-2010,78533500000,72658250000
07-Aug-2010,105532000000,97084250000
08-Aug-2010,86269500000,79021250000
09-Aug-2010,81664500000,74484250000
10-Aug-2010,62149750000,56375750000
11-Aug-2010,33291000000,28917500000
12-Aug-2010,72824750000,66521750000
13-Aug-2010,96833250000,89208750000
14-Aug-2010,68492750000,60891750000
15-Aug-2010,66017000000,59129500000
16-Aug-2010,60063250000,53964500000
17-Aug-2010,76413250000,69630000000
18-Aug-2010,95881000000,88080250000
19-Aug-2010,100784250000,92176000000
20-Aug-2010,112599500000,103318500000
21-Aug-2010,56262750000,51393500000
22-Aug-2010,54072000000,49594500000
23-Aug-2010,72326500000,64848000000
24-Aug-2010,45262750000,40359250000
25-Aug-2010,41410500000,37424500000
26-Aug-2010,39368500000,35323500000
27-Aug-2010,40227250000,36427750000
28-Aug-2010,28053000000,24810500000
29-Aug-2010,42421750000,37742000000
30-Aug-2010,54037000000,48980250000
31-Aug-2010,63788750000,58348500000
01-Jun-2011,4978750000,3997500000
02-Jun-2011,5240000000,4278500000
03-Jun-2011,6519250000,5181750000
04-Jun-2011,8464750000,6867750000
05-Jun-2011,9025250000,7361500000
06-Jun-2011,8689250000,7146250000
07-Jun-2011,11239500000,9127500000
08-Jun-2011,10129000000,7928250000
09-Jun-2011,13707250000,11134750000
10-Jun-2011,14140250000,10376500000
11-Jun-2011,9201000000,7492500000
12-Jun-2011,11334000000,8810750000
13-Jun-2011,13179000000,10677500000
14-Jun-2011,19386750000,15439500000
15-Jun-2011,16436750000,13443000000
16-Jun-2011,20267000000,16635000000
17-Jun-2011,16291250000,11711250000
18-Jun-2011,21217500000,17333000000
19-Jun-2011,25570500000,19819250000
20-Jun-2011,23396750000,18840500000
21-Jun-2011,24460000000,19649750000
22-Jun-2011,22488250000,17490250000
23-Jun-2011,26398750000,21282500000
24-Jun-2011,30240250000,24372750000
25-Jun-2011,34666250000,28823250000
26-Jun-2011,29872250000,24485000000
27-Jun-2011,35722000000,29501000000
28-Jun-2011,33105500000,25418250000
29-Jun-2011,38387000000,30043500000
30-Jun-2011,39991750000,31871750000
01-Jul-2011,46746000000,36959000000
02-Jul-2011,43792250000,35797000000
03-Jul-2011,36925000000,28068250000
04-Jul-2011,42196750000,34524750000
05-Jul-2011,34818500000,28458750000
06-Jul-2011,41747250000,35485250000
07-Jul-2011,62971750000,52271500000
08-Jul-2011,44109750000,35017250000
09-Jul-2011,37140750000,30701000000
10-Jul-2011,26529750000,22915000000
11-Jul-2011,63540750000,52274000000
12-Jul-2011,60474750000,51937750000
13-Jul-2011,52740250000,44907500000
14-Jul-2011,78687500000,67398750000
15-Jul-2011,79734250000,67477500000
16-Jul-2011,58986750000,50718750000
17-Jul-2011,55049750000,46489000000
18-Jul-2011,49130500000,42032000000
19-Jul-2011,70451000000,61590250000
20-Jul-2011,60772500000,53463750000
21-Jul-2011,81450250000,70269000000
22-Jul-2011,59941750000,53158000000
23-Jul-2011,65694000000,57212750000
24-Jul-2011,67142750000,59576250000
25-Jul-2011,77095500000,67195000000
26-Jul-2011,101454500000,88463250000
27-Jul-2011,35605000000,30845250000
28-Jul-2011,39508000000,34192250000
29-Jul-2011,51860750000,46738500000
30-Jul-2011,98049250000,87233750000
31-Jul-2011,114353750000,102840500000
01-Aug-2011,102122750000,89661000000
02-Aug-2011,76592500000,66574750000
03-Aug-2011,80311250000,70877500000
04-Aug-2011,83519500000,74360250000
05-Aug-2011,89385000000,77718750000
06-Aug-2011,74954750000,67150000000
07-Aug-2011,103652500000,93260500000
08-Aug-2011,94004250000,83473000000
09-Aug-2011,92419750000,82663500000
10-Aug-2011,68003500000,60616500000
11-Aug-2011,67960000000,60961000000
12-Aug-2011,62124500000,55338750000
13-Aug-2011,65758250000,58245500000
14-Aug-2011,65717000000,58739000000
15-Aug-2011,64033500000,56802000000
16-Aug-2011,59053500000,52407500000
17-Aug-2011,53184750000,47150750000
18-Aug-2011,61878250000,54262750000
19-Aug-2011,46144750000,40496750000
20-Aug-2011,28744000000,24541500000
21-Aug-2011,27697000000,23846000000
22-Aug-2011,45921750000,39971500000
23-Aug-2011,35466250000,30435000000
24-Aug-2011,33253250000,28795000000
25-Aug-2011,22878750000,19922250000
26-Aug-2011,31931000000,28246500000
27-Aug-2011,29601250000,26296500000
28-Aug-2011,35104250000,32034500000
29-Aug-2011,21326000000,18957000000
30-Aug-2011,48278500000,42173500000
31-Aug-2011,15726000000,13700500000
01-Jun-2012,17501750000,14025750000
02-Jun-2012,21483000000,17501000000
03-Jun-2012,22501250000,18408000000
04-Jun-2012,20239750000,16628500000
05-Jun-2012,16415250000,13316000000
06-Jun-2012,6500250000,5124250000
07-Jun-2012,5882750000,4836750000
08-Jun-2012,9516250000,7880500000
09-Jun-2012,17763500000,14777500000
10-Jun-2012,20185750000,16820750000
11-Jun-2012,23288000000,19456250000
12-Jun-2012,22933500000,18989000000
13-Jun-2012,25275250000,21004250000
14-Jun-2012,20332250000,16763250000
15-Jun-2012,20893750000,17637250000
16-Jun-2012,17767750000,13300000000
17-Jun-2012,38624000000,29362000000
18-Jun-2012,26844750000,22257250000
19-Jun-2012,47795000000,36615500000
20-Jun-2012,39823750000,31714750000
21-Jun-2012,27499250000,21919750000
22-Jun-2012,33880250000,27891750000
23-Jun-2012,62532250000,50023750000
24-Jun-2012,65533500000,53330250000
25-Jun-2012,47275250000,38694250000
26-Jun-2012,73400500000,61599750000
27-Jun-2012,58939000000,49489750000
28-Jun-2012,36944750000,30541750000
29-Jun-2012,69140000000,58874750000
30-Jun-2012,63286250000,53665000000
01-Jul-2012,26543250000,22239750000
02-Jul-2012,28327750000,23443000000
03-Jul-2012,28881000000,23949250000
04-Jul-2012,40793500000,34643500000
05-Jul-2012,43292000000,38108750000
06-Jul-2012,36508750000,30930000000
07-Jul-2012,47263000000,41003750000
08-Jul-2012,66427500000,56948000000
09-Jul-2012,54923750000,46952750000
10-Jul-2012,95112000000,86090500000
11-Jul-2012,96199500000,86059250000
12-Jul-2012,121568750000,109063500000
13-Jul-2012,107952250000,94969500000
14-Jul-2012,109726500000,95556250000
15-Jul-2012,106338500000,92820750000
16-Jul-2012,91242750000,78569250000
17-Jul-2012,88249250000,77078000000
18-Jul-2012,92185500000,79554500000
19-Jul-2012,95339500000,82679000000
20-Jul-2012,69780000000,60561250000
21-Jul-2012,75435250000,66800750000
22-Jul-2012,46370750000,40744750000
23-Jul-2012,76845750000,68366000000
24-Jul-2012,75839250000,66949500000
25-Jul-2012,85196250000,75937250000
26-Jul-2012,77611250000,68871500000
27-Jul-2012,58466250000,52368000000
28-Jul-2012,38756500000,34830500000
29-Jul-2012,79796500000,71013250000
30-Jul-2012,89283000000,79920250000
31-Jul-2012,98440000000,89572250000
01-Aug-2012,114996750000,104073500000
02-Aug-2012,71198500000,64127250000
03-Aug-2012,69933250000,63112500000
04-Aug-2012,82744750000,74387750000
05-Aug-2012,83742250000,75778000000
06-Aug-2012,88408250000,79454250000
07-Aug-2012,58954250000,52830500000
08-Aug-2012,66472500000,60032750000
09-Aug-2012,26959000000,23436750000
10-Aug-2012,37555750000,33533500000
11-Aug-2012,49098000000,44635500000
12-Aug-2012,54662000000,50079250000
13-Aug-2012,48811500000,43548250000
14-Aug-2012,76590000000,70517750000
15-Aug-2012,114575500000,103854250000
16-Aug-2012,115792250000,105105750000
17-Aug-2012,105299750000,94992000000
18-Aug-2012,106955500000,97536000000
19-Aug-2012,118900000000,107519250000
20-Aug-2012,99652750000,89193500000
21-Aug-2012,99352000000,88693750000
22-Aug-2012,67644750000,60055750000
23-Aug-2012,35081000000,31265250000
24-Aug-2012,23868750000,20519750000
25-Aug-2012,26663750000,23217000000
26-Aug-2012,47082750000,41642500000
27-Aug-2012,45820250000,40483750000
28-Aug-2012,49675250000,44211500000
29-Aug-2012,40758000000,36160000000
30-Aug-2012,43928000000,38902000000
31-Aug-2012,37192250000,32086250000
01-Jun-2013,3380250000,2706750000
02-Jun-2013,3070000000,2369250000
03-Jun-2013,4534250000,3759750000
04-Jun-2013,5576750000,4506500000
05-Jun-2013,8544750000,7079000000
06-Jun-2013,10012250000,8169500000
07-Jun-2013,12584500000,10361500000
08-Jun-2013,11937500000,9762750000
09-Jun-2013,13598500000,11273250000
10-Jun-2013,14061000000,11724000000
11-Jun-2013,18453250000,15189750000
12-Jun-2013,17311250000,14209750000
13-Jun-2013,19787250000,16081750000
14-Jun-2013,22872750000,19479500000
15-Jun-2013,17979750000,15135750000
16-Jun-2013,25234250000,21592750000
17-Jun-2013,20454750000,17029500000
18-Jun-2013,24120500000,20517750000
19-Jun-2013,26977750000,22758000000
20-Jun-2013,25497500000,21376750000
21-Jun-2013,29910500000,25333750000
22-Jun-2013,24627500000,20619250000
23-Jun-2013,29221500000,24857250000
24-Jun-2013,27433250000,22351500000
25-Jun-2013,34151500000,28861500000
26-Jun-2013,26837000000,22274750000
27-Jun-2013,13122000000,11126000000
28-Jun-2013,19094000000,16562250000
29-Jun-2013,9977500000,8265250000
30-Jun-2013,12080500000,10184250000
01-Jul-2013,18317750000,15595750000
02-Jul-2013,24198750000,20853250000
03-Jul-2013,13025000000,10974500000
04-Jul-2013,20926250000,17897750000
05-Jul-2013,19515000000,16671000000
06-Jul-2013,17735750000,14815500000
07-Jul-2013,31248250000,27403750000
08-Jul-2013,24385250000,21090750000
09-Jul-2013,25731250000,22351500000
10-Jul-2013,18650500000,15908250000
11-Jul-2013,17801500000,15103000000
12-Jul-2013,30206750000,25112000000
13-Jul-2013,22832000000,19186500000
14-Jul-2013,38455250000,31832000000
15-Jul-2013,39246250000,32262750000
16-Jul-2013,36763000000,31217000000
17-Jul-2013,42182500000,36420250000
18-Jul-2013,18338000000,15475500000
19-Jul-2013,23091250000,19795250000
20-Jul-2013,48472750000,41803250000
21-Jul-2013,41763000000,35234250000
22-Jul-2013,56534500000,47605750000
23-Jul-2013,61694250000,53614500000
24-Jul-2013,59256250000,51829750000
25-Jul-2013,43892000000,38813750000
26-Jul-2013,34089250000,30280500000
27-Jul-2013,51444750000,46308500000
28-Jul-2013,48638000000,43293750000
29-Jul-2013,57292750000,50710250000
30-Jul-2013,71727750000,63607000000
31-Jul-2013,47445500000,42755000000
01-Aug-2013,50351000000,45480000000
02-Aug-2013,82487000000,72723500000
03-Aug-2013,76057250000,66301000000
04-Aug-2013,89572000000,79008000000
05-Aug-2013,36299250000,31574500000
06-Aug-2013,51465500000,45450750000
07-Aug-2013,47080000000,40138250000
08-Aug-2013,48524000000,41801250000
09-Aug-2013,56218750000,48882250000
10-Aug-2013,67174250000,59778500000
11-Aug-2013,62294750000,54537750000
12-Aug-2013,72695250000,63819750000
13-Aug-2013,49849250000,44353500000
14-Aug-2013,20868250000,18394750000
15-Aug-2013,27470250000,23955500000
16-Aug-2013,16105500000,14076500000
17-Aug-2013,14490000000,12780500000
18-Aug-2013,12787000000,11392250000
19-Aug-2013,18183000000,16184250000
20-Aug-2013,18642000000,16589750000
21-Aug-2013,16003250000,14123750000
22-Aug-2013,22145500000,19475500000
23-Aug-2013,15946250000,13997000000
24-Aug-2013,15990750000,14088750000
25-Aug-2013,10824500000,9126000000
26-Aug-2013,10637500000,8877000000
27-Aug-2013,18718750000,16253750000
28-Aug-2013,22806000000,20419250000
29-Aug-2013,14914000000,12857750000
30-Aug-2013,7258250000,6197750000
31-Aug-2013,13679250000,11929500000
01-Jun-2014,7639250000,6199750000
02-Jun-2014,7736750000,6151500000
03-Jun-2014,7377250000,6153500000
04-Jun-2014,9125750000,7511250000
05-Jun-2014,7228000000,5950250000
06-Jun-2014,8025750000,6553250000
07-Jun-2014,6630250000,5479500000
08-Jun-2014,7613000000,6351500000
09-Jun-2014,6822750000,5737000000
10-Jun-2014,14871500000,12660000000
11-Jun-2014,13784000000,11341500000
12-Jun-2014,20099500000,17084000000
13-Jun-2014,18036750000,15100750000
14-Jun-2014,17584500000,14807000000
15-Jun-2014,24563250000,20584250000
16-Jun-2014,26424250000,21024000000
17-Jun-2014,20929250000,17783250000
18-Jun-2014,14504750000,11592750000
19-Jun-2014,19673250000,16796250000
20-Jun-2014,23199500000,18964000000
21-Jun-2014,19229500000,16203250000
22-Jun-2014,26896250000,21827750000
23-Jun-2014,26420750000,22010250000
24-Jun-2014,22120000000,18613000000
25-Jun-2014,19480500000,16395250000
26-Jun-2014,26291500000,22021500000
27-Jun-2014,21053750000,17432250000
28-Jun-2014,30507250000,25806250000
29-Jun-2014,26355500000,22240500000
30-Jun-2014,19281500000,16011000000
01-Jul-2014,18803750000,16169250000
02-Jul-2014,18702500000,15603250000
03-Jul-2014,27942000000,23682250000
04-Jul-2014,30166250000,24910500000
05-Jul-2014,33700750000,29122000000
06-Jul-2014,29562500000,25393000000
07-Jul-2014,39472750000,33451250000
08-Jul-2014,51112000000,44254250000
09-Jul-2014,24601250000,20040750000
10-Jul-2014,50299250000,43627750000
11-Jul-2014,69634750000,60579250000
12-Jul-2014,63462750000,54646500000
13-Jul-2014,55170250000,46988250000
14-Jul-2014,40804750000,33931750000
15-Jul-2014,33835750000,28683500000
16-Jul-2014,33047000000,28305500000
17-Jul-2014,28326500000,23856000000
18-Jul-2014,46249750000,40842250000
19-Jul-2014,54620750000,47171000000
20-Jul-2014,76343000000,66510750000
21-Jul-2014,58024500000,51327500000
22-Jul-2014,57505000000,49549250000
23-Jul-2014,67819250000,61518000000
24-Jul-2014,74961000000,65685750000
25-Jul-2014,61249750000,53775750000
26-Jul-2014,75488500000,67618250000
27-Jul-2014,76321000000,69278250000
28-Jul-2014,57739500000,52437750000
29-Jul-2014,69621500000,63327250000
30-Jul-2014,76227750000,68591250000
31-Jul-2014,52582000000,46626750000
01-Aug-2014,41476000000,35506000000
02-Aug-2014,67211000000,58361250000
03-Aug-2014,69712750000,60927000000
04-Aug-2014,76894250000,67410500000
05-Aug-2014,85416250000,74885500000
06-Aug-2014,77295250000,68583500000
07-Aug-2014,84131000000,73883250000
08-Aug-2014,80198750000,71714250000
09-Aug-2014,46686750000,42068750000
10-Aug-2014,62415000000,55879000000
11-Aug-2014,68873500000,59657000000
12-Aug-2014,52803250000,47366500000
13-Aug-2014,42845500000,37527750000
14-Aug-2014,33619250000,28808000000
15-Aug-2014,55997500000,49659750000
16-Aug-2014,55763000000,50231250000
17-Aug-2014,66207750000,60300250000
18-Aug-2014,85939500000,77372500000
19-Aug-2014,80090750000,72955000000
20-Aug-2014,51035000000,45859500000
21-Aug-2014,74270000000,66047250000
22-Aug-2014,61717250000,55170500000
23-Aug-2014,40164750000,36291750000
24-Aug-2014,37077750000,33541000000
25-Aug-2014,32926250000,28520000000
26-Aug-2014,35130250000,30721000000
27-Aug-2014,29474250000,25677000000
28-Aug-2014,18077500000,15252750000
29-Aug-2014,16138750000,14430500000
30-Aug-2014,36624000000,32359500000
31-Aug-2014,29676000000,25885500000
01-Jun-2015,5757000000,4617250000
02-Jun-2015,7519500000,6193000000
03-Jun-2015,6882750000,5576750000
04-Jun-2015,9649250000,7893500000
05-Jun-2015,7146500000,5796250000
06-Jun-2015,8280750000,6839000000
07-Jun-2015,7207500000,5877000000
08-Jun-2015,5020000000,4058250000
09-Jun-2015,5075250000,4129750000
10-Jun-2015,6675500000,5387750000
11-Jun-2015,8228250000,6705750000
12-Jun-2015,7023750000,5747250000
13-Jun-2015,11880000000,9923750000
14-Jun-2015,8681250000,7019250000
15-Jun-2015,9951500000,8270500000
16-Jun-2015,7669750000,6315000000
17-Jun-2015,6194250000,4995500000
18-Jun-2015,12024250000,10066250000
19-Jun-2015,12037000000,9861500000
20-Jun-2015,15097250000,12788250000
21-Jun-2015,15827500000,13103500000
22-Jun-2015,19275000000,16054250000
23-Jun-2015,23581000000,19638250000
24-Jun-2015,19955500000,17089500000
25-Jun-2015,26215500000,22133500000
26-Jun-2015,29184750000,24326250000
27-Jun-2015,30436750000,25265750000
28-Jun-2015,30342250000,24746750000
29-Jun-2015,37714750000,31389750000
30-Jun-2015,34664250000,27509000000
01-Jul-2015,34997250000,28492250000
02-Jul-2015,45222500000,37060250000
03-Jul-2015,44087750000,36360500000
04-Jul-2015,43917500000,36050000000
05-Jul-2015,59734000000,48077000000
06-Jul-2015,63827500000,52246250000
07-Jul-2015,66999250000,53894250000
08-Jul-2015,76187500000,61977250000
09-Jul-2015,54837000000,42890250000
10-Jul-2015,59189250000,47638500000
11-Jul-2015,53080500000,42060250000
12-Jul-2015,36389000000,29324500000
13-Jul-2015,44169500000,35617000000
14-Jul-2015,58650250000,48945000000
15-Jul-2015,69369500000,57809750000
16-Jul-2015,78851250000,65331750000
17-Jul-2015,82574250000,69146500000
18-Jul-2015,76166000000,63558750000
19-Jul-2015,72648250000,60023000000
20-Jul-2015,62853750000,52144500000
21-Jul-2015,46202500000,38252500000
22-Jul-2015,25318750000,21720000000
23-Jul-2015,27535500000,23921750000
24-Jul-2015,25012000000,21489250000
25-Jul-2015,22993000000,19944250000
26-Jul-2015,32438000000,28174000000
27-Jul-2015,28765250000,24979000000
28-Jul-2015,39656000000,34177000000
29-Jul-2015,35009250000,30301750000
30-Jul-2015,43154250000,36832500000
31-Jul-2015,43829250000,37835000000
01-Aug-2015,48127750000,41706750000
02-Aug-2015,46405250000,39938750000
03-Aug-2015,51012500000,44235500000
04-Aug-2015,47854250000,41881500000
05-Aug-2015,44231250000,38815750000
06-Aug-2015,46711750000,40807750000
07-Aug-2015,27201750000,23798500000
08-Aug-2015,26736500000,23776500000
09-Aug-2015,14475750000,12552750000
10-Aug-2015,20709250000,18208500000
11-Aug-2015,24692000000,21632250000
12-Aug-2015,28760750000,25652750000
13-Aug-2015,27872750000,24422750000
14-Aug-2015,31347250000,27538250000
15-Aug-2015,32701500000,28960500000
16-Aug-2015,33836500000,29332750000
17-Aug-2015,24456000000,21229500000
18-Aug-2015,27280750000,23887000000
19-Aug-2015,34854250000,30750750000
20-Aug-2015,31598000000,27784500000
21-Aug-2015,25496250000,22366000000
22-Aug-2015,27592250000,24171250000
23-Aug-2015,19610000000,17152750000
24-Aug-2015,23560750000,20757250000
25-Aug-2015,21646250000,19048000000
26-Aug-2015,22394500000,19956750000
27-Aug-2015,17820500000,15510250000
28-Aug-2015,17000750000,14929250000
29-Aug-2015,22620750000,19647250000
30-Aug-2015,22582000000,19194000000
31-Aug-2015,19901000000,17346000000
01-Jun-2016,4910000000,4050250000
02-Jun-2016,7364750000,6102750000
03-Jun-2016,7357250000,6131250000
04-Jun-2016,13388250000,11458000000
05-Jun-2016,7019250000,5781500000
06-Jun-2016,16547750000,14265500000
07-Jun-2016,11709500000,9837250000
08-Jun-2016,25545250000,22141250000
09-Jun-2016,26663000000,22258500000
10-Jun-2016,19678750000,17037750000
11-Jun-2016,28260000000,23903000000
12-Jun-2016,34955500000,30638250000
13-Jun-2016,32599500000,27445750000
14-Jun-2016,26012750000,22324750000
15-Jun-2016,17970250000,15482750000
16-Jun-2016,13858250000,11646000000
17-Jun-2016,21394000000,18588250000
18-Jun-2016,23609000000,20409250000
19-Jun-2016,33821750000,28258250000
20-Jun-2016,34999250000,30771500000
21-Jun-2016,44106500000,37499250000
22-Jun-2016,27797000000,24242750000
23-Jun-2016,23742000000,20565000000
24-Jun-2016,31451750000,26356750000
25-Jun-2016,33462250000,27921500000
26-Jun-2016,24219000000,21077750000
27-Jun-2016,25453500000,22552000000
28-Jun-2016,41343000000,35678250000
29-Jun-2016,33357500000,29173250000
30-Jun-2016,28746500000,24641500000
01-Jul-2016,51589750000,45783250000
02-Jul-2016,40618250000,35936250000
03-Jul-2016,40322750000,35463750000
04-Jul-2016,53035750000,46225500000
05-Jul-2016,60601750000,53704250000
06-Jul-2016,68234250000,58861250000
07-Jul-2016,52625750000,46152500000
08-Jul-2016,38215500000,32709250000
09-Jul-2016,41740250000,35779500000
10-Jul-2016,54359000000,46248750000
11-Jul-2016,70007000000,61696000000
12-Jul-2016,68916000000,59938750000
13-Jul-2016,76602250000,69118000000
14-Jul-2016,85208750000,74949000000
15-Jul-2016,86610500000,76228250000
16-Jul-2016,94946500000,85069500000
17-Jul-2016,74451250000,66708000000
18-Jul-2016,66274000000,59561250000
19-Jul-2016,86550500000,79060500000
20-Jul-2016,101440500000,92547750000
21-Jul-2016,115268500000,106018750000
22-Jul-2016,121563750000,110114000000
23-Jul-2016,99120500000,89059000000
24-Jul-2016,104199500000,93033000000
25-Jul-2016,111581500000,101068000000
26-Jul-2016,112566000000,100825250000
27-Jul-2016,100753250000,92207000000
28-Jul-2016,99889750000,90263000000
29-Jul-2016,87521500000,78398750000
30-Jul-2016,81383000000,71724750000
31-Jul-2016,83424000000,74204000000
01-Aug-2016,64945500000,58522000000
02-Aug-2016,73073500000,65376500000
03-Aug-2016,82175250000,73954500000
04-Aug-2016,90231500000,81469750000
05-Aug-2016,86875500000,78264000000
06-Aug-2016,79254500000,71089250000
07-Aug-2016,75419500000,67353750000
08-Aug-2016,66641000000,59575250000
09-Aug-2016,66265000000,59708250000
10-Aug-2016,77403500000,69534750000
11-Aug-2016,44391000000,39128500000
12-Aug-2016,46206250000,40782750000
13-Aug-2016,68937750000,62599500000
14-Aug-2016,71311250000,64338000000
15-Aug-2016,47962250000,43311500000
16-Aug-2016,57320000000,51788000000
17-Aug-2016,72038000000,65078000000
18-Aug-2016,60991750000,54295750000
19-Aug-2016,63594250000,58201000000
20-Aug-2016,76255500000,69991000000
21-Aug-2016,70189000000,63827500000
22-Aug-2016,82729250000,74762250000
23-Aug-2016,54329500000,49357000000
24-Aug-2016,68407000000,62230000000
25-Aug-2016,40829750000,36674000000
26-Aug-2016,15427750000,13409750000
27-Aug-2016,39981000000,34808750000
28-Aug-2016,56909250000,50718750000
29-Aug-2016,50701750000,45526500000
30-Aug-2016,50267000000,44938500000
31-Aug-2016,52219750000,47656000000
01-Jun-2017,8406250000,6965750000
02-Jun-2017,11429750000,9513750000
03-Jun-2017,11553750000,9603750000
04-Jun-2017,11514250000,9811250000
05-Jun-2017,11585000000,9718750000
06-Jun-2017,8854250000,7259750000
07-Jun-2017,12005250000,10267250000
08-Jun-2017,8438000000,7147250000
09-Jun-2017,9560750000,8234000000
10-Jun-2017,14118750000,12129250000
11-Jun-2017,14723000000,12198250000
12-Jun-2017,19396500000,16687500000
13-Jun-2017,17165750000,14738000000
14-Jun-2017,19170000000,16115250000
15-Jun-2017,19665500000,16537500000
16-Jun-2017,18253500000,15689250000
17-Jun-2017,8060750000,6739250000
18-Jun-2017,13154250000,11024500000
19-Jun-2017,7921500000,6405750000
20-Jun-2017,11140500000,9498750000
21-Jun-2017,13073750000,11132750000
22-Jun-2017,16126500000,13690000000
23-Jun-2017,20761750000,17784500000
24-Jun-2017,23394000000,19899250000
25-Jun-2017,28629750000,24629000000
26-Jun-2017,25241000000,20264500000
27-Jun-2017,31004500000,26254500000
28-Jun-2017,25736000000,22039250000
29-Jun-2017,21377250000,18405000000
30-Jun-2017,13712000000,11679750000
01-Jul-2017,8819000000,7659250000
02-Jul-2017,7605750000,6603250000
03-Jul-2017,6302750000,5248750000
04-Jul-2017,9880250000,8335000000
05-Jul-2017,14310750000,12171000000
06-Jul-2017,23695250000,20710750000
07-Jul-2017,28919500000,25961750000
08-Jul-2017,31216500000,27640000000
09-Jul-2017,43377750000,37948000000
10-Jul-2017,35601000000,30830000000
11-Jul-2017,36286750000,32186750000
12-Jul-2017,37770500000,32687250000
13-Jul-2017,34641250000,29942250000
14-Jul-2017,28804000000,24037500000
15-Jul-2017,30940500000,25860750000
16-Jul-2017,26236750000,22917750000
17-Jul-2017,17543750000,15208750000
18-Jul-2017,20819250000,18162750000
19-Jul-2017,14240250000,12274750000
20-Jul-2017,27372500000,23674750000
21-Jul-2017,34962000000,30032750000
22-Jul-2017,41776250000,36295000000
23-Jul-2017,38460250000,31881750000
24-Jul-2017,57924500000,50947000000
25-Jul-2017,63510500000,56621500000
26-Jul-2017,56068500000,50878250000
27-Jul-2017,99350500000,90358000000
28-Jul-2017,100013500000,88726000000
29-Jul-2017,86602500000,76979750000
30-Jul-2017,100459750000,88557750000
31-Jul-2017,97971750000,88214000000
01-Aug-2017,89543750000,81758500000
02-Aug-2017,78906250000,73109500000
03-Aug-2017,79259250000,70368500000
04-Aug-2017,61402500000,53305500000
05-Aug-2017,56630750000,50863750000
06-Aug-2017,50708750000,45762750000
07-Aug-2017,50324500000,45229500000
08-Aug-2017,49871000000,43526750000
09-Aug-2017,57669750000,52296000000
10-Aug-2017,48839500000,44109500000
11-Aug-2017,60323750000,54270500000
12-Aug-2017,70269750000,62276500000
13-Aug-2017,69247250000,61657500000
14-Aug-2017,77770000000,69600250000
15-Aug-2017,70280000000,62227500000
16-Aug-2017,50319750000,44575250000
17-Aug-2017,23719500000,21160250000
18-Aug-2017,12771000000,11090750000
19-Aug-2017,32637000000,28171500000
20-Aug-2017,27108750000,23159250000
21-Aug-2017,22363000000,19171500000
22-Aug-2017,25717500000,22028500000
23-Aug-2017,31716250000,28309750000
24-Aug-2017,27850500000,24611500000
25-Aug-2017,18641250000,15835750000
26-Aug-2017,25785750000,22855250000
27-Aug-2017,27291500000,23959000000
28-Aug-2017,40681500000,37159250000
29-Aug-2017,34406000000,31190250000
30-Aug-2017,30975250000,27307000000
31-Aug-2017,34607250000,31087000000
01-Jun-2018,4447000000,3584250000
02-Jun-2018,3354000000,2653250000
03-Jun-2018,4850000000,4020250000
04-Jun-2018,2932000000,2366750000
05-Jun-2018,7490500000,6140250000
06-Jun-2018,7326000000,5885500000
07-Jun-2018,5493000000,4366000000
08-Jun-2018,5891000000,4879000000
09-Jun-2018,7341750000,6007250000
10-Jun-2018,7851000000,6469750000
11-Jun-2018,7615000000,6183500000
12-Jun-2018,11801750000,10458000000
13-Jun-2018,8113250000,6824250000
14-Jun-2018,6203000000,5126000000
15-Jun-2018,7099750000,5808000000
16-Jun-2018,8264750000,6926500000
17-Jun-2018,7348750000,5997750000
18-Jun-2018,14799250000,12375250000
19-Jun-2018,17224250000,14652000000
20-Jun-2018,14133000000,11472250000
21-Jun-2018,8983250000,7489250000
22-Jun-2018,8026250000,6411000000
23-Jun-2018,9010250000,7634250000
24-Jun-2018,5167000000,4118000000
25-Jun-2018,3644750000,3022000000
26-Jun-2018,13763500000,11606000000
27-Jun-2018,16767000000,14102750000
28-Jun-2018,16065750000,13568500000
29-Jun-2018,8190500000,6882000000
30-Jun-2018,13317000000,11076250000
01-Jul-2018,11297000000,9529250000
02-Jul-2018,10076000000,8645750000
03-Jul-2018,15901500000,13177000000
04-Jul-2018,13598250000,11099250000
05-Jul-2018,17989250000,15568750000
06-Jul-2018,24144000000,19757250000
07-Jul-2018,23411750000,19579500000
08-Jul-2018,14511500000,11793750000
09-Jul-2018,19375250000,16543500000
10-Jul-2018,25533500000,21124000000
11-Jul-2018,21339000000,18295000000
12-Jul-2018,22891500000,19186500000
13-Jul-2018,37573500000,30923250000
14-Jul-2018,34142250000,29329750000
15-Jul-2018,43351250000,39037500000
16-Jul-2018,22022500000,19045750000
17-Jul-2018,26631750000,22945500000
18-Jul-2018,44363000000,38228500000
19-Jul-2018,27590250000,23227000000
20-Jul-2018,24329250000,21182500000
21-Jul-2018,28264250000,24457250000
22-Jul-2018,35405750000,31457500000
23-Jul-2018,39168250000,34361000000
24-Jul-2018,24853500000,20894000000
25-Jul-2018,22752750000,20035500000
26-Jul-2018,28686000000,25259000000
27-Jul-2018,22284750000,19704000000
28-Jul-2018,24864000000,21988000000
29-Jul-2018,22318500000,19486250000
30-Jul-2018,31421250000,28008000000
31-Jul-2018,36967500000,31878000000
01-Aug-2018,23526250000,20769750000
02-Aug-2018,21449750000,19019750000
03-Aug-2018,39586250000,35553000000
04-Aug-2018,45773000000,40296750000
05-Aug-2018,62993000000,56003250000
06-Aug-2018,35833000000,31557500000
07-Aug-2018,42056750000,37643250000
08-Aug-2018,42174250000,37757750000
09-Aug-2018,40621250000,35484500000
10-Aug-2018,66092250000,57446250000
11-Aug-2018,60450250000,54378000000
12-Aug-2018,52937500000,47115500000
13-Aug-2018,55566250000,49436000000
14-Aug-2018,38188750000,33741250000
15-Aug-2018,39329750000,34815250000
16-Aug-2018,45336000000,40421750000
17-Aug-2018,42262500000,38591250000
18-Aug-2018,47246750000,41503000000
19-Aug-2018,41263750000,36129750000
20-Aug-2018,44438250000,39578000000
21-Aug-2018,23757250000,21101750000
22-Aug-2018,29126250000,25669000000
23-Aug-2018,18953750000,16880000000
24-Aug-2018,30907750000,26799250000
25-Aug-2018,22897000000,20250250000
26-Aug-2018,27623500000,24154250000
27-Aug-2018,27637000000,24678000000
28-Aug-2018,27057000000,23765250000
29-Aug-2018,28726500000,25471500000
30-Aug-2018,12893500000,11138000000
31-Aug-2018,10202500000,8747750000
01-Jun-2019,14265500000,12308000000
02-Jun-2019,8966500000,7630250000
03-Jun-2019,14170500000,11969500000
04-Jun-2019,18636250000,16025750000
05-Jun-2019,20668000000,17532750000
06-Jun-2019,16833000000,14015500000
07-Jun-2019,16656000000,14088000000
08-Jun-2019,24208750000,20610000000
09-Jun-2019,24982750000,21050750000
10-Jun-2019,38084500000,32160000000
11-Jun-2019,41770000000,33806500000
12-Jun-2019,58323000000,50328500000
13-Jun-2019,55993000000,47235000000
14-Jun-2019,39548750000,34890500000
15-Jun-2019,42076500000,36587000000
16-Jun-2019,48074000000,40973000000
17-Jun-2019,72339750000,64819500000
18-Jun-2019,41746000000,36251500000
19-Jun-2019,70115000000,61206500000
20-Jun-2019,58921750000,51210250000
21-Jun-2019,35971000000,31004000000
22-Jun-2019,40101750000,35264000000
23-Jun-2019,23359500000,20197250000
24-Jun-2019,26943250000,21804000000
25-Jun-2019,28878750000,25521000000
26-Jun-2019,52962250000,47088750000
27-Jun-2019,26113250000,22721250000
28-Jun-2019,24480000000,20713500000
29-Jun-2019,40457750000,33347250000
30-Jun-2019,42933000000,36685500000
01-Jul-2019,45225000000,38933750000
02-Jul-2019,48756250000,40476250000
03-Jul-2019,67454500000,58398250000
04-Jul-2019,60215250000,51708750000
05-Jul-2019,72776250000,63237000000
06-Jul-2019,59034000000,51877250000
07-Jul-2019,67758000000,58081000000
08-Jul-2019,77709000000,68039500000
09-Jul-2019,80044500000,71440000000
10-Jul-2019,73671000000,64640500000
11-Jul-2019,83320250000,73946500000
12-Jul-2019,96925500000,85223250000
13-Jul-2019,84330500000,72312750000
14-Jul-2019,105256500000,92039750000
15-Jul-2019,93849750000,80858750000
16-Jul-2019,94794250000,83320250000
17-Jul-2019,74031750000,65322250000
18-Jul-2019,58602750000,51356500000
19-Jul-2019,63318000000,56438500000
20-Jul-2019,89412000000,80288250000
21-Jul-2019,87203250000,78422750000
22-Jul-2019,98409250000,87816250000
23-Jul-2019,92121000000,82021500000
24-Jul-2019,84554000000,74388750000
25-Jul-2019,76768500000,67166000000
26-Jul-2019,60955750000,53608000000
27-Jul-2019,56334000000,49077250000
28-Jul-2019,54535000000,47656750000
29-Jul-2019,91141500000,81791500000
30-Jul-2019,86513250000,77867500000
31-Jul-2019,136488500000,126234000000
01-Aug-2019,139002000000,127190500000
02-Aug-2019,143549750000,130884250000
03-Aug-2019,117895250000,106323750000
04-Aug-2019,123525250000,112084250000
05-Aug-2019,110633750000,99083500000
06-Aug-2019,64935250000,57520250000
07-Aug-2019,60056500000,53466250000
08-Aug-2019,85361500000,77197500000
09-Aug-2019,68450250000,61320000000
10-Aug-2019,78969000000,70340500000
11-Aug-2019,98338000000,88903500000
12-Aug-2019,87154000000,78226250000
13-Aug-2019,86516750000,77985250000
14-Aug-2019,94435250000,84849250000
15-Aug-2019,71555000000,65000500000
16-Aug-2019,47418000000,42101000000
17-Aug-2019,67603500000,60858500000
18-Aug-2019,67783500000,60308750000
19-Aug-2019,52829500000,47764000000
20-Aug-2019,50369500000,45331750000
21-Aug-2019,44914000000,40843500000
22-Aug-2019,44734250000,39992500000
23-Aug-2019,37588000000,33226500000
24-Aug-2019,31241500000,27685000000
25-Aug-2019,43372750000,38927000000
26-Aug-2019,34545000000,30862500000
27-Aug-2019,28523250000,25148500000
28-Aug-2019,39064000000,35343250000
29-Aug-2019,47883250000,43263500000
30-Aug-2019,40840500000,35852000000
31-Aug-2019,45556500000,40239500000
01-Jun-2020,11137250000,9497250000
02-Jun-2020,8983000000,7450000000
03-Jun-2020,11514500000,9889750000
04-Jun-2020,11201500000,9477750000
05-Jun-2020,5306000000,4229750000
06-Jun-2020,6614750000,5431500000
07-Jun-2020,2818250000,2289750000
08-Jun-2020,8937000000,7790500000
09-Jun-2020,6524750000,5340000000
10-Jun-2020,6141000000,5076500000
11-Jun-2020,8344000000,7063250000
12-Jun-2020,16711500000,14462250000
13-Jun-2020,9557000000,7994500000
14-Jun-2020,11527750000,9923000000
15-Jun-2020,8726000000,7430500000
16-Jun-2020,5918750000,4917000000
17-Jun-2020,9352250000,8077250000
18-Jun-2020,13757750000,11770750000
19-Jun-2020,14558500000,12246000000
20-Jun-2020,17915000000,15196000000
21-Jun-2020,18893000000,16093750000
22-Jun-2020,22239750000,18932500000
23-Jun-2020,13212000000,11306250000
24-Jun-2020,13907750000,11477000000
25-Jun-2020,21509250000,17643500000
26-Jun-2020,26263500000,22960250000
27-Jun-2020,26201500000,21857750000
28-Jun-2020,29217750000,24499750000
29-Jun-2020,28435750000,23547250000
30-Jun-2020,48608000000,41101250000
01-Jul-2020,52409750000,44843000000
02-Jul-2020,42877250000,37013750000
03-Jul-2020,44934250000,38382250000
04-Jul-2020,39667000000,34041250000
05-Jul-2020,31392750000,26779250000
06-Jul-2020,34312750000,29574750000
07-Jul-2020,36231250000,31730000000
08-Jul-2020,45990750000,39820750000
09-Jul-2020,25106750000,21202500000
10-Jul-2020,31529250000,27573750000
11-Jul-2020,31203750000,25989250000
12-Jul-2020,32728500000,27890500000
13-Jul-2020,28588500000,24378500000
14-Jul-2020,34550500000,30353250000
15-Jul-2020,39665000000,34785750000
16-Jul-2020,37982750000,33299000000
17-Jul-2020,54127750000,46950500000
18-Jul-2020,59999500000,52443500000
19-Jul-2020,63780000000,56257750000
20-Jul-2020,62882250000,56435000000
21-Jul-2020,56861500000,50531250000
22-Jul-2020,82655250000,73839000000
23-Jul-2020,81878750000,73529000000
24-Jul-2020,43167250000,38488500000
25-Jul-2020,37169000000,33500250000
26-Jul-2020,61871750000,55619500000
27-Jul-2020,48153750000,42733000000
28-Jul-2020,37048250000,32907250000
29-Jul-2020,33342500000,29035500000
30-Jul-2020,39541500000,35058250000
31-Jul-2020,39389500000,35202750000
01-Aug-2020,31685000000,27840750000
02-Aug-2020,42900500000,38172000000
03-Aug-2020,38191250000,34249500000
04-Aug-2020,26209750000,23466750000
05-Aug-2020,34176000000,30602750000
06-Aug-2020,29677750000,26840750000
07-Aug-2020,22861750000,20357000000
08-Aug-2020,30171250000,26953750000
09-Aug-2020,21521250000,19221500000
10-Aug-2020,20379750000,18074750000
11-Aug-2020,19635500000,17227500000
12-Aug-2020,15773500000,13825250000
13-Aug-2020,28941000000,26465500000
14-Aug-2020,34124000000,30989250000
15-Aug-2020,29991250000,26912000000
16-Aug-2020,28645000000,25469500000
17-Aug-2020,39569000000,35444500000
18-Aug-2020,53143750000,48439750000
19-Aug-2020,65604750000,59086000000
20-Aug-2020,75104250000,67725000000
21-Aug-2020,73977000000,66544500000
22-Aug-2020,68893000000,63533250000
23-Aug-2020,63034750000,56973000000
24-Aug-2020,59917000000,54125250000
25-Aug-2020,54300750000,49253250000
26-Aug-2020,53881750000,48690250000
27-Aug-2020,52099500000,47385750000
28-Aug-2020,40324250000,36006750000
29-Aug-2020,26302750000,23401500000
30-Aug-2020,61045500000,54164750000
31-Aug-2020,36160500000,32415000000
01-Jun-2021,8288750000,7005000000
02-Jun-2021,6541750000,5424750000
03-Jun-2021,10982500000,9231500000
04-Jun-2021,10671750000,9010000000
05-Jun-2021,8474250000,7022500000
06-Jun-2021,11829500000,9903750000
07-Jun-2021,16057250000,13372500000
08-Jun-2021,18360250000,15392750000
09-Jun-2021,13081500000,11101750000
10-Jun-2021,10401500000,8801750000
11-Jun-2021,7358500000,6198250000
12-Jun-2021,9746250000,8195250000
13-Jun-2021,6991250000,5818500000
14-Jun-2021,12285250000,10379000000
15-Jun-2021,13343000000,11393000000
16-Jun-2021,12114250000,9997500000
17-Jun-2021,16580000000,14013000000
18-Jun-2021,19469250000,16525000000
19-Jun-2021,19765750000,16720750000
20-Jun-2021,22123500000,18935000000
21-Jun-2021,22979750000,19479250000
22-Jun-2021,26556500000,22639000000
23-Jun-2021,24880000000,20790000000
24-Jun-2021,18744250000,15716250000
25-Jun-2021,10876250000,9326750000
26-Jun-2021,19054250000,16309000000
27-Jun-2021,24217750000,20958750000
28-Jun-2021,18620500000,15661500000
29-Jun-2021,18889750000,16282500000
30-Jun-2021,22128750000,19560500000
01-Jul-2021,32943750000,29143250000
02-Jul-2021,24188000000,20879750000
03-Jul-2021,30960000000,27178500000
04-Jul-2021,30187250000,26615000000
05-Jul-2021,9651250000,7959250000
06-Jul-2021,8473500000,7077500000
07-Jul-2021,9990250000,8664250000
08-Jul-2021,17240250000,15474750000
09-Jul-2021,15665750000,13899000000
10-Jul-2021,24230750000,21040000000
11-Jul-2021,24161500000,20198500000
12-Jul-2021,33526500000,28428250000
13-Jul-2021,25515250000,22122250000
14-Jul-2021,29731750000,25689750000
15-Jul-2021,35520250000,30012000000
16-Jul-2021,39013250000,33012000000
17-Jul-2021,44830500000,39416750000
18-Jul-2021,41674750000,36579750000
19-Jul-2021,28211250000,24809250000
20-Jul-2021,31778500000,27546250000
21-Jul-2021,45648250000,39217500000
22-Jul-2021,24923000000,21617250000
23-Jul-2021,20719500000,17609000000
24-Jul-2021,17765250000,14998250000
25-Jul-2021,32822250000,28606250000
26-Jul-2021,32619250000,29169750000
27-Jul-2021,59993500000,54177000000
28-Jul-2021,98028250000,88940000000
29-Jul-2021,102383250000,91481500000
30-Jul-2021,104350000000,93300000000
31-Jul-2021,102964750000,93158750000
01-Aug-2021,93440000000,83005250000
02-Aug-2021,77898250000,69614750000
03-Aug-2021,71726250000,63497000000
04-Aug-2021,80671500000,71333250000
05-Aug-2021,64002000000,56291500000
06-Aug-2021,59062500000,53706000000
07-Aug-2021,36089500000,32496500000
08-Aug-2021,28662250000,24667250000
09-Aug-2021,32006500000,28409750000
10-Aug-2021,26533500000,23412750000
11-Aug-2021,61276750000,56404000000
12-Aug-2021,65471000000,58672250000
13-Aug-2021,48048500000,43388250000
14-Aug-2021,45546250000,41434250000
15-Aug-2021,59197750000,54031750000
16-Aug-2021,39461500000,35115750000
17-Aug-2021,76063000000,67145000000
18-Aug-2021,74098500000,66904750000
19-Aug-2021,60509750000,53990000000
20-Aug-2021,87728000000,77741250000
21-Aug-2021,62660500000,56531500000
22-Aug-2021,77181750000,67457250000
23-Aug-2021,73572750000,63451750000
24-Aug-2021,49987750000,44450250000
25-Aug-2021,25125000000,21865250000
26-Aug-2021,51326250000,46661000000
27-Aug-2021,25618500000,22854000000
28-Aug-2021,23718750000,20560750000
29-Aug-2021,32270000000,29627500000
30-Aug-2021,42741250000,39159250000
31-Aug-2021,27016500000,24302250000
01-Jun-2022,3379750000,2773000000
02-Jun-2022,5384250000,4387000000
03-Jun-2022,9190500000,7644000000
04-Jun-2022,8900500000,7357500000
05-Jun-2022,9341000000,7887000000
06-Jun-2022,9023750000,7510250000
07-Jun-2022,10888500000,9195750000
08-Jun-2022,10732250000,8873250000
09-Jun-2022,14657250000,12329000000
10-Jun-2022,11845000000,9844000000
11-Jun-2022,6857750000,5615000000
12-Jun-2022,3143000000,2593250000
13-Jun-2022,3935000000,3317500000
14-Jun-2022,5026250000,4209250000
15-Jun-2022,5189000000,4288500000
16-Jun-2022,8759250000,7340500000
17-Jun-2022,4831000000,3996750000
18-Jun-2022,6403000000,5214000000
19-Jun-2022,11734500000,9949750000
20-Jun-2022,13701250000,11629500000
21-Jun-2022,10091250000,8721750000
22-Jun-2022,8043500000,6827750000
23-Jun-2022,8241500000,6912500000
24-Jun-2022,9662000000,8168750000
25-Jun-2022,14279000000,11872250000
26-Jun-2022,9474750000,7853750000
27-Jun-2022,12343000000,10427750000
28-Jun-2022,14609500000,12285250000
29-Jun-2022,17222750000,14704000000
30-Jun-2022,20056500000,17185750000
01-Jul-2022,13138250000,11044000000
02-Jul-2022,21907000000,19020250000
03-Jul-2022,24588000000,20732500000
04-Jul-2022,18777000000,15712250000
05-Jul-2022,15323250000,12311250000
06-Jul-2022,23728250000,19884750000
07-Jul-2022,26684500000,23103500000
08-Jul-2022,28067250000,23287000000
09-Jul-2022,29554750000,25277250000
10-Jul-2022,29084500000,24678750000
11-Jul-2022,25756250000,22014000000
12-Jul-2022,23772000000,20506500000
13-Jul-2022,33747750000,29601750000
14-Jul-2022,36996500000,31881000000
15-Jul-2022,36380500000,30101250000
16-Jul-2022,61795500000,51463250000
17-Jul-2022,48521250000,38664250000
18-Jul-2022,39232750000,31735250000
19-Jul-2022,36478750000,31407500000
20-Jul-2022,42359250000,34514500000
21-Jul-2022,51051250000,44220250000
22-Jul-2022,56834000000,49794250000
23-Jul-2022,47613000000,40873000000
24-Jul-2022,47664250000,39886250000
25-Jul-2022,26860000000,23268000000
26-Jul-2022,21337000000,18029000000
27-Jul-2022,30228000000,26086750000
28-Jul-2022,34602500000,29304000000
29-Jul-2022,32328000000,27210000000
30-Jul-2022,42168750000,37241750000
31-Jul-2022,67716750000,59300000000
01-Aug-2022,60513000000,51523250000
02-Aug-2022,39869250000,34902250000
03-Aug-2022,60096250000,51149750000
04-Aug-2022,48477250000,42945750000
05-Aug-2022,40973250000,36941500000
06-Aug-2022,53601250000,46637500000
07-Aug-2022,39687750000,33958500000
08-Aug-2022,28157750000,24433000000
09-Aug-2022,13724000000,11980750000
10-Aug-2022,19021000000,17244500000
11-Aug-2022,25724500000,23334250000
12-Aug-2022,36330750000,32794250000
13-Aug-2022,43922500000,38978000000
14-Aug-2022,38232750000,34269250000
15-Aug-2022,38984000000,34778250000
16-Aug-2022,42907750000,38106250000
17-Aug-2022,37688250000,33841500000
18-Aug-2022,34363000000,31073500000
19-Aug-2022,30533750000,27190000000
20-Aug-2022,24860250000,21711250000
21-Aug-2022,26628250000,23585750000
22-Aug-2022,34093500000,30565000000
23-Aug-2022,29627000000,26098250000
24-Aug-2022,48760000000,44070750000
25-Aug-2022,27088000000,23689500000
26-Aug-2022,35312750000,31255000000
27-Aug-2022,32896750000,28742500000
28-Aug-2022,25026250000,21500250000
29-Aug-2022,19093500000,16488000000
30-Aug-2022,31190750000,25813250000
31-Aug-2022,26679250000,23774750000
01-Jun-2023,6868750000,5653000000
02-Jun-2023,2328250000,1787750000
03-Jun-2023,4813250000,3870500000
04-Jun-2023,4629250000,3655000000
05-Jun-2023,3872500000,3139500000
06-Jun-2023,7303750000,6080000000
07-Jun-2023,6327250000,5247250000
08-Jun-2023,4154500000,3431250000
09-Jun-2023,5072000000,4252750000
10-Jun-2023,5099250000,4241250000
11-Jun-2023,9771500000,8199250000
12-Jun-2023,9433750000,7773250000
13-Jun-2023,8188000000,6799250000
14-Jun-2023,8530750000,7112000000
15-Jun-2023,7432000000,6049250000
16-Jun-2023,9502000000,7964500000
17-Jun-2023,9526000000,8124500000
18-Jun-2023,9961000000,8443500000
19-Jun-2023,13765000000,11708000000
20-Jun-2023,7701250000,6337250000
21-Jun-2023,6829750000,5678250000
22-Jun-2023,5952250000,4822000000
23-Jun-2023,11183500000,9577750000
24-Jun-2023,9253250000,7750750000
25-Jun-2023,11331000000,9530500000
26-Jun-2023,16695250000,13928250000
27-Jun-2023,12533500000,9989500000
28-Jun-2023,21115500000,17711250000
29-Jun-2023,17518500000,14060500000
30-Jun-2023,18993500000,15228500000
01-Jul-2023,26549500000,21691250000
02-Jul-2023,36113250000,29468250000
03-Jul-2023,45784500000,38506750000
04-Jul-2023,36627250000,30567500000
05-Jul-2023,41248250000,35451500000
06-Jul-2023,37983750000,31895500000
07-Jul-2023,53850000000,45902750000
08-Jul-2023,42566500000,36074250000
09-Jul-2023,34971750000,29274750000
10-Jul-2023,56159000000,49077000000
11-Jul-2023,31527000000,27057500000
12-Jul-2023,74155750000,63777750000
13-Jul-2023,57554750000,49323000000
14-Jul-2023,40817000000,35240000000
15-Jul-2023,51841000000,44940250000
16-Jul-2023,34975000000,30270750000
17-Jul-2023,29795500000,25709500000
18-Jul-2023,41752000000,35607750000
19-Jul-2023,65238750000,58204000000
20-Jul-2023,51395000000,45337000000
21-Jul-2023,46740250000,40841250000
22-Jul-2023,52810500000,45265500000
23-Jul-2023,62753250000,54947000000
24-Jul-2023,43934750000,36872000000
25-Jul-2023,40178750000,33584000000
26-Jul-2023,54156750000,44129250000
27-Jul-2023,50047750000,42400250000
28-Jul-2023,37778750000,30622500000
29-Jul-2023,53334250000,47142000000
30-Jul-2023,42454250000,37585000000
31-Jul-2023,42663750000,37918500000
01-Aug-2023,49510000000,44407000000
02-Aug-2023,49695500000,44245250000
03-Aug-2023,50664250000,45360500000
04-Aug-2023,42136500000,37498750000
05-Aug-2023,54093750000,48229000000
06-Aug-2023,57009750000,51118750000
07-Aug-2023,57443750000,51441000000
08-Aug-2023,67975500000,60654500000
09-Aug-2023,52307000000,45558250000
10-Aug-2023,40327500000,35831000000
11-Aug-2023,57703500000,50346500000
12-Aug-2023,51719000000,44202000000
13-Aug-2023,47554750000,42813500000
14-Aug-2023,61419250000,52389250000
15-Aug-2023,65428250000,58795250000
16-Aug-2023,60375250000,52231500000
17-Aug-2023,54432750000,46851500000
18-Aug-2023,67893000000,58861500000
19-Aug-2023,59877000000,53681500000
20-Aug-2023,47619500000,43213000000
21-Aug-2023,105275750000,93963250000
22-Aug-2023,118303500000,107049750000
23-Aug-2023,89969250000,80225500000
24-Aug-2023,73880000000,65907750000
25-Aug-2023,53901000000,47007250000
26-Aug-2023,36004000000,31123500000
27-Aug-2023,39518500000,34559500000
28-Aug-2023,44464750000,40546000000
29-Aug-2023,43699500000,39088000000
30-Aug-2023,38695000000,35016750000
31-Aug-2023,26758750000,23625500000
